date,pr,mm,mp,mc,weekday,hol,months,target
01/02/2018,1654,44,210,2226,Thu,N,1,2523
02/02/2018,1451,40,201,2124,Fri,N,1,2450
03/02/2018,1212,36,187,1921,Sat,N,1,2300
04/02/2018,1546,51,250,2684,Sun,N,1,2650
05/02/2018,1326,52,241,2463,Mon,N,1,2113
06/02/2018,1056,46,184,1935,Tue,N,1,1876
07/02/2018,1416,45,211,2121,Wed,N,1,2255
08/02/2018,1444,39,175,1982,Thu,N,1,2410
09/02/2018,1612,48,191,2298,Fri,N,1,2668
10/02/2018,1659,38,194,2201,Sat,N,1,2743
11/02/2018,1524,34,206,1954,Sun,N,1,2613
12/02/2018,1251,39,144,1505,Mon,N,1,2145
13/02/2018,1718,49,183,1995,Tue,N,1,2641
14/02/2018,2400,80,306,2889,Wed,Y,1,3578
15/02/2018,1842,44,153,2124,Thu,Y,1,2980
16/02/2018,1073,31,145,1339,Fri,Y,1,1951
17/02/2018,1076,31,142,1474,Sat,Y,1,2096
18/02/2018,1240,44,193,2225,Sun,Y,1,2333
19/02/2018,1292,29,191,2512,Mon,Y,1,2297
20/02/2018,1711,32,164,2233,Tue,N,1,2382
21/02/2018,1864,46,249,2450,Wed,N,1,2733
22/02/2018,1866,47,169,2238,Thu,N,1,2872
23/02/2018,1734,50,172,2185,Fri,N,1,2818
24/02/2018,1859,28,153,2205,Sat,N,1,2832
25/02/2018,2042,48,265,2948,Sun,N,1,3177
26/02/2018,1531,45,206,2497,Mon,N,1,2890
27/02/2018,1452,72,198,2257,Tue,N,1,2514
28/02/2018,2141,74,238,2842,Wed,N,1,3048
01/03/2018,1946,41,202,2340,Thu,N,2,2979
02/03/2018,1212,31,192,1998,Fri,N,2,2047
03/03/2018,1201,27,173,1854,Sat,N,2,2082
04/03/2018,1408,51,234,2828,Sun,N,2,2536
05/03/2018,1400,53,213,2799,Mon,N,2,2175
06/03/2018,1177,52,227,2302,Tue,N,2,2055
07/03/2018,1251,36,215,2372,Wed,N,2,2107
08/03/2018,1283,45,166,2150,Thu,N,2,2079
09/03/2018,1140,40,169,2029,Fri,N,2,2312
10/03/2018,1288,42,166,2017,Sat,N,2,2464
11/03/2018,1379,43,210,2848,Sun,N,2,2541
12/03/2018,1439,49,238,2646,Mon,N,2,2246
13/03/2018,1088,55,232,2340,Tue,N,2,1951
14/03/2018,1314,54,227,2410,Wed,N,2,2241
15/03/2018,1368,50,212,2131,Thu,N,2,2263
16/03/2018,1355,31,168,2009,Fri,N,2,2443
17/03/2018,1201,38,149,2059,Sat,N,2,2423
18/03/2018,1504,57,253,2821,Sun,N,2,2700
19/03/2018,1355,56,233,2688,Mon,N,2,2296
20/03/2018,1083,44,213,2215,Tue,N,2,1993
21/03/2018,1229,46,218,2131,Wed,N,2,2060
22/03/2018,1463,50,169,2013,Thu,N,2,2274
23/03/2018,1408,41,180,2054,Fri,N,2,2564
24/03/2018,1305,36,165,2007,Sat,N,2,2524
25/03/2018,1555,53,206,2520,Sun,N,2,2558
26/03/2018,1382,46,208,2474,Mon,N,2,2090
27/03/2018,1125,48,165,1844,Tue,N,2,1886
28/03/2018,1259,43,201,2081,Wed,N,2,2070
29/03/2018,1235,38,170,1876,Thu,N,2,2229
30/03/2018,1259,31,160,1758,Fri,N,2,2252
31/03/2018,1156,28,106,1732,Sat,N,2,2234
01/04/2018,1494,40,154,2048,Sun,N,3,2416
02/04/2018,1457,40,195,2335,Mon,N,3,2163
03/04/2018,1198,28,166,1987,Tue,N,3,1875
04/04/2018,1217,33,175,1884,Wed,N,3,2022
05/04/2018,1213,22,139,1888,Thu,N,3,2034
06/04/2018,1305,38,151,1885,Fri,N,3,2265
07/04/2018,1263,27,141,1770,Sat,N,3,2161
08/04/2018,1821,44,222,2676,Sun,N,3,2868
09/04/2018,1576,50,239,2774,Mon,N,3,2494
10/04/2018,1231,51,242,2436,Tue,N,3,2129
11/04/2018,1548,49,209,2336,Wed,N,3,2303
12/04/2018,1343,37,178,2130,Thu,N,3,2262
13/04/2018,1448,41,168,2142,Fri,N,3,2521
14/04/2018,1231,30,155,2117,Sat,N,3,2403
15/04/2018,1878,45,242,3026,Sun,N,3,3007
16/04/2018,1551,47,218,2753,Mon,N,3,2412
17/04/2018,1174,40,190,2283,Tue,N,3,2025
18/04/2018,1547,49,244,2468,Wed,N,3,2388
19/04/2018,1537,42,155,2230,Thu,N,3,2406
20/04/2018,1371,32,191,2252,Fri,N,3,2621
21/04/2018,1362,38,145,2119,Sat,N,3,2504
22/04/2018,1810,60,256,3055,Sun,N,3,2990
23/04/2018,1684,45,226,2626,Mon,N,3,2354
24/04/2018,1258,36,199,2256,Tue,N,3,2054
25/04/2018,1466,57,206,2375,Wed,N,3,2286
26/04/2018,1393,50,190,2287,Thu,N,3,2401
27/04/2018,1561,39,181,2398,Fri,N,3,2916
28/04/2018,1468,43,149,2299,Sat,N,3,2804
29/04/2018,1412,36,161,2183,Sun,N,3,2483
30/04/2018,1231,39,164,1982,Mon,N,3,2091
01/05/2018,1331,43,176,2085,Tue,N,4,2231
02/05/2018,1394,51,193,2347,Wed,N,4,2243
03/05/2018,1561,49,192,2268,Thu,N,4,2509
04/05/2018,1962,44,248,2478,Fri,N,4,3003
05/05/2018,1753,30,150,2232,Sat,N,4,2855
06/05/2018,1422,25,183,2273,Sun,N,4,2534
07/05/2018,1333,52,232,2485,Mon,N,4,2259
08/05/2018,1090,47,209,2440,Tue,N,4,1901
09/05/2018,1351,46,215,2468,Wed,N,4,2223
10/05/2018,1326,49,226,2317,Thu,N,4,2257
11/05/2018,1371,43,181,2169,Fri,N,4,2395
12/05/2018,1236,22,159,2006,Sat,N,4,2401
13/05/2018,1601,39,249,2899,Sun,N,4,2801
14/05/2018,1602,45,236,2796,Mon,N,4,2469
15/05/2018,1322,47,227,2302,Tue,N,4,2156
16/05/2018,1555,54,210,2401,Wed,N,4,2490
17/05/2018,1541,42,201,2527,Thu,N,4,2489
18/05/2018,1896,40,200,2715,Fri,N,4,3111
19/05/2018,1894,36,202,2419,Sat,N,4,3165
20/05/2018,1689,51,208,2630,Sun,N,4,2818
21/05/2018,1366,39,198,2462,Mon,N,4,2341
22/05/2018,1142,49,173,1970,Tue,N,4,1974
23/05/2018,1190,46,192,2311,Wed,N,4,2057
24/05/2018,1257,41,167,2069,Thu,N,4,2150
25/05/2018,1307,42,201,1985,Fri,N,4,2466
26/05/2018,1173,33,139,1848,Sat,N,4,2313
27/05/2018,1399,46,217,2641,Sun,N,4,2552
28/05/2018,1512,36,226,2737,Mon,N,4,2374
29/05/2018,1192,53,186,2254,Tue,N,4,2039
30/05/2018,1318,52,241,2211,Wed,N,4,2295
31/05/2018,1320,51,184,2151,Thu,N,4,2351
01/06/2018,1688,28,170,2456,Fri,N,5,2666
02/06/2018,1612,35,160,2118,Sat,N,5,2741
03/06/2018,1702,47,233,2715,Sun,N,5,2917
04/06/2018,1530,39,258,2649,Mon,N,5,2461
05/06/2018,1390,60,192,2386,Tue,N,5,2333
06/06/2018,1831,43,217,2499,Wed,N,5,2710
07/06/2018,1166,50,166,2076,Thu,N,5,2019
08/06/2018,1353,46,190,2296,Fri,N,5,2495
09/06/2018,1476,40,187,2022,Sat,N,5,2755
10/06/2018,1670,47,225,2707,Sun,N,5,2934
11/06/2018,1373,50,232,2682,Mon,N,5,2428
12/06/2018,1245,36,170,2254,Tue,N,5,2101
13/06/2018,1700,49,221,2672,Wed,N,5,2646
14/06/2018,1220,39,189,2330,Thu,N,5,2050
15/06/2018,1376,42,167,2291,Fri,N,5,2512
16/06/2018,1378,39,148,2133,Sat,N,5,2570
17/06/2018,1662,40,215,2652,Sun,N,5,2771
18/06/2018,1710,40,207,2759,Mon,N,5,2656
19/06/2018,1329,49,214,2443,Tue,N,5,2316
20/06/2018,1737,43,185,2614,Wed,N,5,2573
21/06/2018,1468,34,180,2421,Thu,N,5,2329
22/06/2018,1546,52,191,2272,Fri,N,5,2770
23/06/2018,1553,38,183,2258,Sat,N,5,2646
24/06/2018,1722,26,225,2943,Sun,N,5,2923
25/06/2018,1772,52,247,2924,Mon,N,5,2718
26/06/2018,1282,44,212,2404,Tue,N,5,2166
27/06/2018,1631,47,213,2632,Wed,N,5,2594
28/06/2018,1401,48,177,2231,Thu,N,5,2339
29/06/2018,1640,26,194,2406,Fri,N,5,2763
30/06/2018,1588,28,169,2355,Sat,N,5,2894
01/07/2018,1617,44,218,2534,Sun,N,6,2683
02/07/2018,1548,49,207,2729,Mon,N,6,2431
03/07/2018,1312,30,176,2107,Tue,N,6,2180
04/07/2018,1682,49,204,2493,Wed,N,6,2650
05/07/2018,1467,40,209,2222,Thu,N,6,2327
06/07/2018,1494,45,178,2311,Fri,N,6,2601
07/07/2018,1541,27,160,2214,Sat,N,6,2664
08/07/2018,1795,44,246,2773,Sun,N,6,2872
09/07/2018,1682,57,214,2774,Mon,N,6,2558
10/07/2018,1351,35,169,2304,Tue,N,6,2125
11/07/2018,1654,40,178,2516,Wed,N,6,2520
12/07/2018,1652,35,201,2331,Thu,N,6,2574
13/07/2018,1417,39,184,2331,Fri,Y,6,2543
14/07/2018,1432,28,168,1968,Sat,Y,6,2482
15/07/2018,1657,33,246,2659,Sun,Y,6,2718
16/07/2018,1692,45,211,2689,Mon,Y,6,2635
17/07/2018,1479,44,199,2224,Tue,Y,6,2109
18/07/2018,1597,39,208,2637,Wed,Y,6,2517
19/07/2018,1564,36,173,2452,Thu,Y,6,2543
20/07/2018,1929,37,164,2554,Fri,Y,6,2919
21/07/2018,1801,42,163,2203,Sat,Y,6,2854
22/07/2018,1798,40,184,2729,Sun,Y,6,2867
23/07/2018,1849,50,207,2598,Mon,Y,6,2625
24/07/2018,1555,34,170,2267,Tue,Y,6,2335
25/07/2018,2032,50,200,2609,Wed,Y,6,2862
26/07/2018,1839,49,194,2477,Thu,Y,6,2793
27/07/2018,2147,46,198,2662,Fri,Y,6,3239
28/07/2018,2296,34,151,2217,Sat,Y,6,3229
29/07/2018,2219,27,176,2436,Sun,Y,6,3108
30/07/2018,1959,36,148,2413,Mon,Y,6,2534
31/07/2018,1781,33,159,2260,Tue,Y,6,2454
01/08/2018,2115,43,161,2237,Wed,Y,7,2854
02/08/2018,1807,39,149,2254,Thu,Y,7,2583
03/08/2018,1705,38,186,2235,Fri,Y,7,2578
04/08/2018,1776,36,145,2230,Sat,Y,7,2736
05/08/2018,1712,46,199,2558,Sun,Y,7,2713
06/08/2018,1722,54,198,2626,Mon,Y,7,2536
07/08/2018,1422,34,151,2127,Tue,Y,7,2062
08/08/2018,1619,39,163,2274,Wed,Y,7,2396
09/08/2018,1546,31,118,1951,Thu,Y,7,2349
10/08/2018,1668,27,155,2117,Fri,Y,7,2755
11/08/2018,1926,27,143,2220,Sat,Y,7,2984
12/08/2018,1794,40,168,2398,Sun,Y,7,2691
13/08/2018,1674,34,163,2367,Mon,Y,7,2454
14/08/2018,1573,32,152,2218,Tue,Y,7,2255
15/08/2018,2018,59,165,2523,Wed,Y,7,2849
16/08/2018,1503,37,175,2266,Thu,Y,7,2303
17/08/2018,1436,47,150,2021,Fri,Y,7,2438
18/08/2018,1615,35,134,2190,Sat,Y,7,2549
19/08/2018,1907,36,214,2818,Sun,N,7,2977
20/08/2018,1774,47,204,2737,Mon,N,7,2680
21/08/2018,1534,38,159,2251,Tue,N,7,2324
22/08/2018,1856,48,192,2557,Wed,N,7,2728
23/08/2018,1599,32,150,2282,Thu,N,7,2463
24/08/2018,1549,30,171,2280,Fri,N,7,2601
25/08/2018,1771,22,131,2414,Sat,N,7,2729
26/08/2018,1750,41,197,2652,Sun,N,7,2718
27/08/2018,1804,51,199,2965,Mon,N,7,2611
28/08/2018,1458,41,160,2383,Tue,N,7,2204
29/08/2018,1560,53,187,2502,Wed,N,7,2380
30/08/2018,1400,29,182,2330,Thu,N,7,2383
31/08/2018,1419,49,157,2297,Fri,N,7,2598
01/09/2018,1498,29,119,2181,Sat,N,8,2525
02/09/2018,1600,38,193,2669,Sun,N,8,2618
03/09/2018,1679,62,254,3092,Mon,N,8,2541
04/09/2018,1426,58,238,2683,Tue,N,8,2362
05/09/2018,1617,44,222,2423,Wed,N,8,2508
06/09/2018,1276,55,202,2204,Thu,N,8,2258
07/09/2018,1282,49,167,2236,Fri,N,8,2497
08/09/2018,1344,43,172,1945,Sat,N,8,2591
09/09/2018,1624,39,221,2828,Sun,N,8,2902
10/09/2018,1738,57,254,2956,Mon,N,8,2667
11/09/2018,1242,41,222,2288,Tue,N,8,2093
12/09/2018,1446,52,231,2426,Wed,N,8,2603
13/09/2018,1279,41,193,2071,Thu,N,8,2348
14/09/2018,1372,38,192,2437,Fri,N,8,2814
15/09/2018,1415,27,178,2186,Sat,N,8,2737
16/09/2018,1563,40,214,2602,Sun,N,8,2794
17/09/2018,1777,46,231,3088,Mon,N,8,2872
18/09/2018,1467,51,224,2347,Tue,N,8,2385
19/09/2018,1855,51,250,2808,Wed,N,8,3089
20/09/2018,2038,65,227,2764,Thu,Y,8,3121
21/09/2018,2404,67,305,3202,Fri,Y,8,3767
22/09/2018,2740,51,249,2961,Sat,Y,8,3902
23/09/2018,2140,51,217,2877,Sun,Y,8,3317
24/09/2018,1622,42,177,2154,Mon,Y,8,2815
25/09/2018,1551,35,210,2339,Tue,Y,8,2512
26/09/2018,1364,45,218,2454,Wed,Y,8,2413
27/09/2018,1042,27,195,2210,Thu,Y,8,1915
28/09/2018,1353,32,160,2201,Fri,N,8,2463
29/09/2018,1407,31,124,2207,Sat,N,8,2558
30/09/2018,1395,44,207,2586,Sun,N,8,2671
01/10/2018,1361,36,191,2257,Mon,N,9,2280
02/10/2018,1323,44,157,2062,Tue,N,9,2156
03/10/2018,1735,38,179,2336,Wed,N,9,2720
04/10/2018,1296,36,149,2223,Thu,N,9,2163
05/10/2018,1606,42,193,2274,Fri,Y,9,2735
06/10/2018,1824,35,172,2207,Sat,Y,9,2992
07/10/2018,1741,49,216,2702,Sun,Y,9,2914
08/10/2018,1841,57,197,2694,Mon,N,9,2862
09/10/2018,1310,48,189,2295,Tue,N,9,2243
10/10/2018,1489,53,234,2642,Wed,N,9,2469
11/10/2018,1365,43,172,2082,Thu,N,9,2283
12/10/2018,1461,46,169,2127,Fri,N,9,2635
13/10/2018,1446,35,187,2170,Sat,N,9,2754
14/10/2018,1763,58,246,2843,Sun,N,9,3059
15/10/2018,1783,59,238,2764,Mon,N,9,2802
16/10/2018,1288,39,214,2356,Tue,N,9,2354
17/10/2018,1542,53,216,2432,Wed,N,9,2683
18/10/2018,1470,47,206,2306,Thu,N,9,2671
19/10/2018,1363,47,190,2348,Fri,N,9,2949
20/10/2018,1417,32,150,2208,Sat,N,9,2811
21/10/2018,1705,49,227,2821,Sun,N,9,3054
22/10/2018,1760,56,234,2772,Mon,N,9,2793
23/10/2018,1293,42,195,2208,Tue,N,9,2207
24/10/2018,1500,55,187,2270,Wed,N,9,2521
25/10/2018,1457,54,191,2157,Thu,N,9,2565
26/10/2018,1419,31,139,2119,Fri,N,9,2656
27/10/2018,1421,43,165,1904,Sat,N,9,2731
28/10/2018,1725,54,202,2705,Sun,N,9,3049
29/10/2018,1572,55,221,2785,Mon,N,9,2710
30/10/2018,1217,53,173,2284,Tue,N,9,2268
31/10/2018,1535,53,225,2433,Wed,N,9,2742
01/11/2018,1426,50,178,2154,Thu,N,10,2515
02/11/2018,1355,38,157,2203,Fri,N,10,2726
03/11/2018,1303,28,150,1990,Sat,N,10,2756
04/11/2018,1624,45,222,2600,Sun,N,10,3048
05/11/2018,1702,48,260,2886,Mon,N,10,2832
06/11/2018,1374,55,215,2384,Tue,N,10,2547
07/11/2018,1559,64,216,2549,Wed,N,10,2699
08/11/2018,1460,46,202,2313,Thu,N,10,2579
09/11/2018,1464,59,202,2422,Fri,N,10,2999
10/11/2018,1418,23,191,2216,Sat,N,10,2958
11/11/2018,1646,45,310,2952,Sun,N,10,3177
12/11/2018,1806,58,273,3145,Mon,N,10,3030
13/11/2018,1366,52,254,2506,Tue,N,10,2517
14/11/2018,1656,51,223,2600,Wed,N,10,2773
15/11/2018,1466,67,200,2251,Thu,N,10,2774
16/11/2018,1475,39,199,2300,Fri,N,10,3149
17/11/2018,1310,30,176,1973,Sat,N,10,2893
18/11/2018,1554,61,233,2523,Sun,N,10,2976
19/11/2018,1472,65,236,2858,Mon,N,10,2523
20/11/2018,1309,49,209,2323,Tue,N,10,2342
21/11/2018,1534,40,239,2537,Wed,N,10,2728
22/11/2018,1521,52,207,2263,Thu,N,10,2598
23/11/2018,1437,26,184,2337,Fri,N,10,2629
24/11/2018,1541,35,132,2100,Sat,N,10,2647
25/11/2018,1788,38,186,2809,Sun,N,10,3088
26/11/2018,1775,45,264,3323,Mon,N,10,3034
27/11/2018,1292,41,228,2460,Tue,N,10,2466
28/11/2018,1452,51,245,2629,Wed,N,10,2603
29/11/2018,1442,34,208,2309,Thu,N,10,2639
30/11/2018,1548,44,187,2371,Fri,N,10,2870
01/12/2018,1312,29,159,2099,Sat,N,11,2677
02/12/2018,1535,41,229,2692,Sun,N,11,3017
03/12/2018,1509,44,241,2787,Mon,N,11,2646
04/12/2018,1262,45,211,2363,Tue,N,11,2268
05/12/2018,1480,39,216,2618,Wed,N,11,2632
06/12/2018,1494,36,169,2198,Thu,N,11,2590
07/12/2018,1458,43,193,2408,Fri,N,11,2787
08/12/2018,1362,39,176,2162,Sat,N,11,2735
09/12/2018,1642,53,255,2705,Sun,N,11,2993
10/12/2018,1615,50,253,2805,Mon,N,11,2671
11/12/2018,1215,38,239,2349,Tue,N,11,2265
12/12/2018,1582,62,236,2679,Wed,N,11,2695
13/12/2018,1630,53,215,2408,Thu,N,11,2943
14/12/2018,1647,48,210,2497,Fri,N,11,3131
15/12/2018,1612,39,193,2292,Sat,N,11,3004
16/12/2018,1654,63,235,2679,Sun,N,11,2944
17/12/2018,1664,50,223,2779,Mon,N,11,2690
18/12/2018,1374,48,196,2397,Tue,N,11,2467
19/12/2018,1891,53,270,2863,Wed,N,11,3166
20/12/2018,1705,46,235,2738,Thu,Y,11,3054
21/12/2018,2064,54,283,3072,Fri,Y,11,3567
22/12/2018,2291,74,266,2841,Sat,Y,11,3680
23/12/2018,1666,45,203,2260,Sun,Y,11,3001
24/12/2018,1248,51,162,1910,Mon,Y,11,2378
25/12/2018,1337,41,159,1894,Tue,Y,11,2240
26/12/2018,1557,65,200,2299,Wed,Y,11,2602
27/12/2018,1383,41,154,1957,Thu,Y,11,2376
28/12/2018,1747,31,155,2220,Fri,Y,11,2863
29/12/2018,1784,25,109,2047,Sat,Y,11,2854
30/12/2018,1393,19,99,1649,Sun,Y,11,2470
31/12/2018,1230,11,84,1510,Mon,Y,11,2227
01/01/2019,1353,15,103,1924,Tue,Y,12,2482
02/01/2019,2150,25,156,2560,Wed,N,12,3246
03/01/2019,2075,29,170,2493,Thu,N,12,3222
04/01/2019,2095,31,149,2613,Fri,N,12,3121
05/01/2019,2209,34,149,2630,Sat,N,12,3325
06/01/2019,2222,46,245,3304,Sun,N,12,3591
07/01/2019,2305,54,243,3502,Mon,N,12,3417
08/01/2019,1946,60,210,2783,Tue,N,12,2934
09/01/2019,2168,46,235,2833,Wed,N,12,3204
10/01/2019,2124,35,213,2417,Thu,N,12,3122
11/01/2019,2157,52,233,2639,Fri,N,12,3286
12/01/2019,2111,41,165,2453,Sat,N,12,3124
13/01/2019,2195,35,224,3040,Sun,N,12,3247
14/01/2019,2218,54,242,3150,Mon,N,12,3050
15/01/2019,1856,48,183,2651,Tue,N,12,2808
16/01/2019,2013,45,271,2892,Wed,N,12,3112
17/01/2019,2022,43,181,2569,Thu,N,12,3002
18/01/2019,1951,46,202,2523,Fri,N,12,3130
19/01/2019,1860,31,166,2367,Sat,N,12,3089
20/01/2019,2029,49,270,3005,Sun,N,12,3231
21/01/2019,1935,45,234,3207,Mon,N,12,2927
22/01/2019,1576,64,216,2574,Tue,N,12,2598
23/01/2019,1937,51,239,2784,Wed,N,12,2906
24/01/2019,1857,43,191,2271,Thu,N,12,2885
25/01/2019,1767,31,188,2388,Fri,N,12,3138
26/01/2019,1598,43,172,2273,Sat,N,12,2883
27/01/2019,1833,41,252,2759,Sun,N,12,3025
28/01/2019,1639,43,218,2395,Mon,N,12,2626
29/01/2019,1509,31,201,2053,Tue,N,12,2458
30/01/2019,1859,47,206,2374,Wed,N,12,3029
31/01/2019,2202,47,216,2584,Thu,N,12,3520
01/02/2019,2587,92,345,3223,Fri,Y,13,4062
02/02/2019,2717,66,282,3294,Sat,Y,13,4231
03/02/2019,2262,62,240,2621,Sun,Y,13,3734
04/02/2019,1340,32,134,1610,Mon,Y,13,2310
05/02/2019,1103,29,140,1342,Tue,Y,13,1865
06/02/2019,1463,52,203,1997,Wed,Y,13,2504
07/02/2019,1278,24,167,1872,Thu,Y,13,2187
08/02/2019,1522,28,159,1990,Fri,N,13,2530
09/02/2019,1599,24,150,2220,Sat,N,13,2745
10/02/2019,1910,49,222,2948,Sun,N,13,3102
11/02/2019,1897,58,184,2718,Mon,N,13,3001
12/02/2019,1605,34,196,2299,Tue,N,13,2552
13/02/2019,1878,37,215,2426,Wed,N,13,2850
14/02/2019,1849,42,205,2340,Thu,N,13,2868
15/02/2019,1806,34,195,2318,Fri,N,13,2947
16/02/2019,1683,32,153,2206,Sat,N,13,3015
17/02/2019,2021,55,260,2864,Sun,N,13,3329
18/02/2019,1937,44,250,2990,Mon,N,13,3029
19/02/2019,1557,39,214,2493,Tue,N,13,2644
20/02/2019,1838,54,264,2840,Wed,N,13,2858
21/02/2019,1605,49,202,2426,Thu,N,13,2767
22/02/2019,1680,42,192,2515,Fri,N,13,3127
23/02/2019,1576,37,214,2350,Sat,N,13,3098
24/02/2019,1830,48,282,3057,Sun,N,13,3168
25/02/2019,1692,56,221,2781,Mon,N,13,2826
26/02/2019,1585,46,194,2391,Tue,N,13,2617
27/02/2019,1880,61,267,2771,Wed,N,13,3131
28/02/2019,2176,65,275,2755,Thu,N,13,3549
01/03/2019,1872,45,182,2466,Fri,N,14,3326
02/03/2019,1114,39,158,1831,Sat,N,14,2362
03/03/2019,1385,56,235,2502,Sun,N,14,2708
04/03/2019,1322,47,275,2669,Mon,N,14,2477
05/03/2019,1070,51,216,2323,Tue,N,14,2168
06/03/2019,1314,40,230,2448,Wed,N,14,2459
07/03/2019,1260,42,178,2098,Thu,N,14,2329
08/03/2019,1232,49,183,2189,Fri,N,14,2626
09/03/2019,1309,32,133,1947,Sat,N,14,2565
10/03/2019,1583,47,271,2879,Sun,N,14,2981
11/03/2019,1482,51,253,2991,Mon,N,14,2680
12/03/2019,1241,55,232,2403,Tue,N,14,2369
13/03/2019,1384,58,216,2466,Wed,N,14,2513
14/03/2019,1360,28,181,2181,Thu,N,14,2514
15/03/2019,1445,49,187,2256,Fri,N,14,2756
16/03/2019,1373,40,151,2129,Sat,N,14,2741
17/03/2019,1572,50,264,2845,Sun,N,14,3034
18/03/2019,1535,55,257,2881,Mon,N,14,2790
19/03/2019,1208,45,182,2382,Tue,N,14,2276
20/03/2019,1384,48,225,2540,Wed,N,14,2481
21/03/2019,1311,48,165,2138,Thu,N,14,2382
22/03/2019,1390,44,176,2245,Fri,N,14,2833
23/03/2019,1416,45,186,2165,Sat,N,14,2918
24/03/2019,1552,66,266,2711,Sun,N,14,3113
25/03/2019,1584,60,288,3074,Mon,N,14,2859
26/03/2019,1278,50,190,2213,Tue,N,14,2272
27/03/2019,1426,48,235,2534,Wed,N,14,2602
28/03/2019,1360,54,198,2205,Thu,N,14,2605
29/03/2019,1363,42,215,2442,Fri,N,14,2913
30/03/2019,1451,37,145,2173,Sat,N,14,2823
31/03/2019,1681,43,210,2581,Sun,N,14,3069
01/04/2019,1530,48,246,2728,Mon,N,15,2671
02/04/2019,1188,60,219,2074,Tue,N,15,2256
03/04/2019,1296,54,213,2200,Wed,N,15,2459
04/04/2019,1296,36,155,1995,Thu,N,15,2288
05/04/2019,1294,33,178,2155,Fri,N,15,2739
06/04/2019,1404,37,134,1994,Sat,N,15,2673
07/04/2019,1755,46,274,2967,Sun,N,15,3087
08/04/2019,1607,49,230,2959,Mon,N,15,2809
09/04/2019,1174,39,243,2361,Tue,N,15,2303
10/04/2019,1471,48,234,2495,Wed,N,15,2555
11/04/2019,1440,45,187,2321,Thu,N,15,2597
12/04/2019,1444,49,188,2164,Fri,N,15,2884
13/04/2019,1298,32,149,1927,Sat,N,15,2550
14/04/2019,1530,47,238,2489,Sun,N,15,2911
15/04/2019,1494,45,225,2587,Mon,N,15,2552
16/04/2019,1189,42,194,2089,Tue,N,15,2217
17/04/2019,1440,46,230,2464,Wed,N,15,2575
18/04/2019,1413,42,176,2156,Thu,N,15,2515
19/04/2019,1393,49,165,2309,Fri,N,15,2695
20/04/2019,1354,32,148,1962,Sat,N,15,2572
21/04/2019,1687,44,222,2657,Sun,N,15,3024
22/04/2019,1775,39,223,2837,Mon,N,15,2955
23/04/2019,1487,44,203,2413,Tue,N,15,2624
24/04/2019,1702,57,196,2553,Wed,N,15,2819
25/04/2019,1724,25,150,2268,Thu,N,15,2746
26/04/2019,1644,49,196,2320,Fri,N,15,3053
27/04/2019,1564,27,137,2125,Sat,N,15,3107
28/04/2019,1693,42,185,2386,Sun,N,15,3210
29/04/2019,1533,29,190,2216,Mon,N,15,2533
30/04/2019,1585,35,148,2160,Tue,N,15,2719
01/05/2019,2042,39,187,2545,Wed,N,16,3515
02/05/2019,1741,40,199,2233,Thu,N,16,2825
03/05/2019,2030,56,221,2586,Fri,N,16,3538
04/05/2019,2021,45,155,2152,Sat,N,16,3475
05/05/2019,1816,40,180,2427,Sun,N,16,3403
06/05/2019,1517,41,267,2692,Mon,N,16,2924
07/05/2019,1407,33,203,2840,Tue,N,16,2483
08/05/2019,1346,55,252,2615,Wed,N,16,2633
09/05/2019,1280,45,208,2474,Thu,N,16,2485
10/05/2019,1461,46,208,2376,Fri,N,16,2939
11/05/2019,1433,33,185,2312,Sat,N,16,2927
12/05/2019,1695,55,251,3102,Sun,N,16,3135
13/05/2019,1775,46,236,3229,Mon,N,16,2908
14/05/2019,1425,53,263,2674,Tue,N,16,2652
15/05/2019,1596,57,243,2709,Wed,N,16,2808
16/05/2019,1545,57,200,2550,Thu,N,16,2844
17/05/2019,1713,49,225,2599,Fri,N,16,3278
18/05/2019,1490,43,170,2301,Sat,N,16,2933
19/05/2019,1717,35,291,3149,Sun,N,16,3215
20/05/2019,1696,49,258,3067,Mon,N,16,2871
21/05/2019,1303,45,235,2388,Tue,N,16,2397
22/05/2019,1407,56,242,2566,Wed,N,16,2635
23/05/2019,1427,50,193,2403,Thu,N,16,2709
24/05/2019,1365,29,201,2407,Fri,N,16,2929
25/05/2019,1334,42,147,1993,Sat,N,16,2725
26/05/2019,1556,40,221,2850,Sun,N,16,2922
27/05/2019,1633,46,240,2833,Mon,N,16,2782
28/05/2019,1248,44,215,2462,Tue,N,16,2346
29/05/2019,1409,43,222,2639,Wed,N,16,2633
30/05/2019,1413,52,207,2620,Thu,N,16,2661
31/05/2019,1717,38,174,2580,Fri,N,16,2892
01/06/2019,1767,31,167,2360,Sat,N,17,3015
02/06/2019,1776,50,232,2929,Sun,N,17,3140
03/06/2019,1590,61,222,2830,Mon,N,17,2775
04/06/2019,1560,46,185,2478,Tue,N,17,2665
05/06/2019,2265,61,202,2916,Wed,N,17,3449
06/06/2019,2218,60,223,2805,Thu,N,17,3465
07/06/2019,1517,24,175,2274,Fri,N,17,2769
08/06/2019,1328,37,146,2243,Sat,N,17,2656
09/06/2019,1802,57,247,3006,Sun,N,17,3250
10/06/2019,1812,64,253,3376,Mon,N,17,2986
11/06/2019,1460,52,205,2710,Tue,N,17,2587
12/06/2019,1686,53,243,2668,Wed,N,17,2877
13/06/2019,1552,34,210,2654,Thu,N,17,2784
14/06/2019,1733,40,178,2445,Fri,N,17,3170
15/06/2019,1671,28,183,2505,Sat,N,17,3094
16/06/2019,1850,55,275,3154,Sun,N,17,3436
17/06/2019,1765,60,271,3218,Mon,N,17,3039
18/06/2019,1531,47,200,2600,Tue,N,17,2605
19/06/2019,1627,48,241,2716,Wed,N,17,2810
20/06/2019,1729,51,200,2727,Thu,N,17,3018
21/06/2019,1718,34,193,2806,Fri,N,17,3097
22/06/2019,1771,52,164,2545,Sat,N,17,3262
23/06/2019,2062,41,249,3024,Sun,N,17,3373
24/06/2019,1997,54,253,3153,Mon,N,17,3215
25/06/2019,1529,56,221,2607,Tue,N,17,2683
26/06/2019,1873,46,189,2665,Wed,N,17,3066
27/06/2019,1799,39,198,2470,Thu,N,17,3003
28/06/2019,1797,48,187,2676,Fri,N,17,3319
29/06/2019,1773,23,180,2476,Sat,N,17,3202
30/06/2019,1946,38,229,2757,Sun,N,17,3239
01/07/2019,1724,39,224,2766,Mon,N,18,2858
02/07/2019,1373,51,197,2310,Tue,N,18,2386
03/07/2019,1741,45,230,2656,Wed,N,18,2931
04/07/2019,1789,39,196,2382,Thu,N,18,2891
05/07/2019,1807,40,154,2530,Fri,N,18,3027
06/07/2019,1669,36,160,2404,Sat,N,18,2957
07/07/2019,1805,43,277,2851,Sun,N,18,3071
08/07/2019,1806,57,231,3130,Mon,N,18,2820
09/07/2019,1474,39,182,2537,Tue,N,18,2394
10/07/2019,1888,49,217,2655,Wed,N,18,2899
11/07/2019,1775,34,195,2470,Thu,N,18,2828
12/07/2019,1524,40,169,2463,Fri,Y,18,2839
13/07/2019,1517,41,148,2373,Sat,Y,18,2917
14/07/2019,1714,40,213,2871,Sun,Y,18,3112
15/07/2019,1817,32,269,3060,Mon,Y,18,2797
16/07/2019,1536,33,154,2411,Tue,Y,18,2342
17/07/2019,1883,59,204,2704,Wed,Y,18,2851
18/07/2019,1831,47,216,2508,Thu,Y,18,2927
19/07/2019,1938,30,195,2635,Fri,Y,18,2919
20/07/2019,1951,18,129,2245,Sat,Y,18,3210
21/07/2019,2049,51,222,2888,Sun,Y,18,3326
22/07/2019,1952,37,204,2799,Mon,Y,18,2773
23/07/2019,1744,38,197,2391,Tue,Y,18,2542
24/07/2019,2198,54,192,2808,Wed,Y,18,3050
25/07/2019,2183,54,192,2571,Thu,Y,18,3201
26/07/2019,2231,52,227,2774,Fri,Y,18,3313
27/07/2019,2296,47,164,2498,Sat,Y,18,3556
28/07/2019,2231,41,215,2680,Sun,Y,18,3286
29/07/2019,2027,45,198,2671,Mon,Y,18,2954
30/07/2019,1824,33,158,2166,Tue,Y,18,2636
31/07/2019,2221,38,175,2429,Wed,Y,18,3024
01/08/2019,2066,45,189,2316,Thu,Y,19,2865
02/08/2019,2061,49,204,2386,Fri,Y,19,3214
03/08/2019,2086,49,168,2414,Sat,Y,19,3232
04/08/2019,2052,43,202,2842,Sun,Y,19,3144
05/08/2019,1960,52,198,2793,Mon,Y,19,2765
06/08/2019,1411,33,185,2164,Tue,Y,19,2384
07/08/2019,1675,27,186,2334,Wed,Y,19,2630
08/08/2019,1629,32,154,2162,Thu,Y,19,2626
09/08/2019,1723,43,184,2097,Fri,Y,19,2960
10/08/2019,1927,41,162,2203,Sat,Y,19,3157
11/08/2019,1787,38,164,2461,Sun,Y,19,2975
12/08/2019,1749,42,185,2544,Mon,Y,19,2684
13/08/2019,1601,34,158,2022,Tue,Y,19,2545
14/08/2019,2308,44,218,2809,Wed,Y,19,3375
15/08/2019,2029,28,192,2571,Thu,Y,19,3137
16/08/2019,1614,24,138,2234,Fri,Y,19,2736
17/08/2019,1679,32,130,2232,Sat,Y,19,2886
18/08/2019,1876,55,227,2898,Sun,Y,19,3113
19/08/2019,1991,42,203,3031,Mon,N,19,3026
20/08/2019,1705,36,194,2531,Tue,N,19,2642
21/08/2019,1918,41,168,2556,Wed,N,19,2896
22/08/2019,1738,34,174,2518,Thu,N,19,2854
23/08/2019,1753,31,185,2490,Fri,N,19,3133
24/08/2019,1911,37,142,2359,Sat,N,19,3319
25/08/2019,1881,49,241,3011,Sun,N,19,3250
26/08/2019,1938,45,223,3024,Mon,N,19,3054
27/08/2019,1510,47,212,2465,Tue,N,19,2543
28/08/2019,1661,42,203,2683,Wed,N,19,2729
29/08/2019,1460,46,175,2392,Thu,N,19,2568
30/08/2019,1472,46,156,2381,Fri,N,19,2853
31/08/2019,1596,22,138,2210,Sat,N,19,2940
01/09/2019,1752,48,207,2804,Sun,N,20,2954
02/09/2019,1791,41,231,3108,Mon,N,20,2908
03/09/2019,1412,62,237,2638,Tue,N,20,2521
04/09/2019,1661,46,204,2715,Wed,N,20,2685
05/09/2019,1760,41,208,2615,Thu,N,20,2860
06/09/2019,1765,48,196,2432,Fri,N,20,3209
07/09/2019,1559,37,148,1977,Sat,N,20,2757
08/09/2019,1988,36,225,2803,Sun,N,20,3451
09/09/2019,1582,56,202,2311,Mon,N,20,2646
10/09/2019,1834,43,184,2351,Tue,N,20,2760
11/09/2019,2265,66,275,2912,Wed,Y,20,3433
12/09/2019,2053,42,176,2385,Thu,Y,20,3182
13/09/2019,1044,27,120,1594,Fri,Y,20,2148
14/09/2019,1192,40,128,1825,Sat,Y,20,2387
15/09/2019,1441,57,263,2879,Sun,Y,20,2863
16/09/2019,1630,48,276,3600,Mon,Y,20,2956
17/09/2019,1659,62,208,2895,Tue,N,20,2714
18/09/2019,1888,47,226,2807,Wed,N,20,2856
19/09/2019,1575,45,187,2533,Thu,N,20,2765
20/09/2019,1530,39,210,2375,Fri,N,20,3104
21/09/2019,1596,41,176,2380,Sat,N,20,2978
22/09/2019,1946,47,225,3001,Sun,N,20,3300
23/09/2019,2014,48,269,3081,Mon,N,20,3085
24/09/2019,1573,36,210,2608,Tue,N,20,2775
25/09/2019,1859,55,254,2724,Wed,N,20,3141
26/09/2019,1714,33,209,2337,Thu,N,20,3164
27/09/2019,1581,62,176,2325,Fri,N,20,3246
28/09/2019,1674,32,163,2236,Sat,N,20,3421
29/09/2019,1802,52,203,2491,Sun,N,20,3258
30/09/2019,1742,41,209,2459,Mon,N,20,2952
01/10/2019,1770,39,205,2038,Tue,N,21,2753
02/10/2019,2363,44,212,2608,Wed,N,21,3417
03/10/2019,2221,36,198,2341,Thu,Y,21,3186
04/10/2019,1479,35,169,2136,Fri,Y,21,2671
05/10/2019,1367,34,146,1985,Sat,Y,21,2622
06/10/2019,1542,40,223,2482,Sun,Y,21,2859
07/10/2019,1635,41,180,2432,Mon,Y,21,2622
08/10/2019,1886,42,187,2221,Tue,N,21,2782
09/10/2019,2180,56,196,2445,Wed,N,21,3359
10/10/2019,1407,45,189,2235,Thu,N,21,2565
11/10/2019,1475,39,172,2124,Fri,N,21,2742
12/10/2019,1438,33,158,2016,Sat,N,21,2957
13/10/2019,1757,58,244,2869,Sun,N,21,3185
14/10/2019,1886,59,263,2969,Mon,N,21,3244
15/10/2019,1537,45,196,2543,Tue,N,21,2833
16/10/2019,1743,56,212,2581,Wed,N,21,3040
17/10/2019,1662,37,182,2141,Thu,N,21,2929
18/10/2019,1578,51,204,2135,Fri,N,21,3209
19/10/2019,1611,40,159,2301,Sat,N,21,3247
20/10/2019,1825,60,265,2850,Sun,N,21,3393
21/10/2019,1833,51,264,2937,Mon,N,21,3164
22/10/2019,1448,35,209,2271,Tue,N,21,2673
23/10/2019,1783,49,208,2484,Wed,N,21,2956
24/10/2019,1520,53,216,2026,Thu,N,21,2949
25/10/2019,1591,47,170,2196,Fri,N,21,3254
26/10/2019,1514,40,148,2090,Sat,N,21,2988
27/10/2019,1934,56,229,2513,Sun,N,21,3187
28/10/2019,1861,37,257,2803,Mon,N,21,2977
29/10/2019,1503,42,217,2239,Tue,N,21,2559
30/10/2019,1623,49,191,2456,Wed,N,21,2994
31/10/2019,1713,41,175,2106,Thu,N,21,2891
01/11/2019,1629,25,158,2210,Fri,N,22,3030
02/11/2019,1626,36,171,1976,Sat,N,22,3066
03/11/2019,1747,44,222,2612,Sun,N,22,3171
04/11/2019,1976,54,250,2989,Mon,N,22,3250
05/11/2019,1536,59,238,2521,Tue,N,22,2770
06/11/2019,1977,47,249,2380,Wed,N,22,3054
07/11/2019,1752,38,215,2090,Thu,N,22,2988
08/11/2019,1746,43,193,2155,Fri,N,22,3247
09/11/2019,1622,43,155,2099,Sat,N,22,3107
10/11/2019,1690,50,253,2658,Sun,N,22,3331
11/11/2019,1830,66,277,3098,Mon,N,22,3161
12/11/2019,1525,51,236,2504,Tue,N,22,2697
13/11/2019,1975,47,204,2579,Wed,N,22,3048
14/11/2019,1761,56,214,2286,Thu,N,22,3061
15/11/2019,1748,29,182,2355,Fri,N,22,3243
16/11/2019,1612,51,184,2167,Sat,N,22,3216
17/11/2019,1901,48,281,3121,Sun,N,22,3355
18/11/2019,1987,59,263,3034,Mon,N,22,3020
19/11/2019,1472,55,238,2404,Tue,N,22,2657
20/11/2019,2045,44,224,2589,Wed,N,22,3167
21/11/2019,1797,60,209,2128,Thu,N,22,3051
22/11/2019,1805,51,194,2376,Fri,N,22,3274
23/11/2019,1522,34,152,2055,Sat,N,22,3056
24/11/2019,1692,44,236,2593,Sun,N,22,3058
25/11/2019,1839,63,234,2919,Mon,N,22,3017
26/11/2019,1475,42,212,2256,Tue,N,22,2523
27/11/2019,1776,59,227,2583,Wed,N,22,2966
28/11/2019,1788,37,170,2172,Thu,N,22,2704
29/11/2019,1840,38,172,2377,Fri,N,22,2899
30/11/2019,1700,29,142,2103,Sat,N,22,3053